{"cameraMode":{"drawMode":0,"name":"Shaded","section":"Shading Mode"},"sceneLighting":false,"audioPlay":false,"sceneViewState":{"showFog":true,"showMaterialUpdate":false,"showSkybox":true,"showFlares":true,"showImageEffects":true,"showParticleSystems":true},"in2DMode":false,"pivot":{"x":2.681307315826416,"y":0.19589018821716309,"z":1.6962579488754273},"rotation":{"x":-0.10974813252687454,"y":-0.6223554015159607,"z":-0.0887131616473198,"w":0.7699205875396729},"size":1.4289427995681763,"orthographic":false}