{"cameraMode":{"drawMode":0,"name":"Shaded","section":"Shading Mode"},"sceneLighting":false,"audioPlay":false,"sceneViewState":{"showFog":true,"showMaterialUpdate":false,"showSkybox":true,"showFlares":true,"showImageEffects":true,"showParticleSystems":true},"in2DMode":false,"pivot":{"x":-11.614858627319336,"y":0.30706578493118288,"z":6.9665021896362309},"rotation":{"x":0.017443079501390458,"y":-0.6317446231842041,"z":0.01422424241900444,"w":0.7748569250106812},"size":15.471558570861817,"orthographic":false}